i,segment_i,A_i,pair_count,cumulative_score,conservation
440,A,I,10,100.068,0.422
97,A,Q,6,87.374,0.526
497,A,T,6,79.515,0.463
319,A,Q,6,74.196,0.329
274,A,A,6,72.776,0.516
460,A,E,4,63.72,0.163
120,A,I,4,63.114,0.66
443,A,A,5,63.105,0.549
222,A,L,5,62.135,0.607
508,A,A,4,61.497,0.589
469,A,V,7,61.394,0.571
479,A,N,3,60.777,0.707
248,A,L,7,59.752,0.682
485,A,Y,8,58.895,0.587
141,A,S,4,58.525,0.254
131,A,L,4,57.852,0.703
444,A,L,5,57.563,0.294
451,A,L,5,56.491,0.424
325,A,I,5,55.871,0.573
470,A,K,4,54.322,0.296
475,A,N,5,52.706,0.299
394,A,A,8,51.477,0.365
316,A,D,4,51.253,0.342
299,A,T,5,50.399,0.391
28,A,K,3,49.952,0.53
486,A,G,3,49.874,0.406
99,A,I,6,48.81,0.628
67,A,E,3,48.632,0.707
127,A,A,6,48.126,0.504
21,A,N,2,47.673,0.471
420,A,I,5,47.181,0.506
332,A,I,5,47.119,0.733
436,A,Q,3,46.633,0.504
321,A,K,4,46.357,0.414
426,A,L,6,45.623,0.568
15,A,K,5,45.523,0.323
478,A,Y,4,44.497,0.591
66,A,F,6,44.412,0.42
369,A,V,5,44.028,0.679
219,A,F,5,43.212,0.457
245,A,K,4,43.033,0.559
100,A,I,5,42.783,0.418
124,A,V,4,41.89,0.568
465,A,V,4,41.505,0.649
101,A,T,3,40.463,0.268
423,A,A,4,40.46,0.217
448,A,E,4,40.298,0.368
160,A,K,2,39.952,0.264
514,A,M,4,38.988,0.45
123,A,A,5,38.985,0.733
292,A,I,3,38.764,0.747
290,A,Q,6,38.624,0.486
145,A,A,3,38.493,0.493
217,A,S,4,38.396,0.503
431,A,G,3,38.392,0.169
418,A,A,7,38.275,0.697
422,A,V,5,37.962,0.481
487,A,N,4,37.759,0.675
447,A,M,6,37.616,0.576
421,A,R,5,37.307,0.401
126,A,A,5,37.3,0.31
5,A,D,5,36.908,0.311
115,A,D,4,36.086,0.261
522,A,T,5,35.976,0.44
520,A,M,4,35.861,0.364
320,A,A,3,35.711,0.782
122,A,K,5,35.695,0.406
82,A,N,6,34.945,0.531
438,A,V,3,34.589,0.306
312,A,A,5,34.206,0.483
455,A,V,6,34.018,0.602
218,A,P,6,33.922,0.666
483,A,E,2,33.8,0.407
437,A,N,4,33.549,0.242
65,A,K,5,33.546,0.411
500,A,T,3,33.526,0.532
136,A,V,3,33.51,0.376
336,A,V,3,33.417,0.331
476,A,Y,6,33.174,0.192
430,A,R,4,32.59,0.217
17,A,L,4,32.501,0.349
135,A,S,1,32.281,0.631
429,A,L,5,32.264,0.333
166,A,M,3,32.111,0.627
132,A,K,4,31.655,0.321
300,A,V,6,31.518,0.624
215,A,L,4,31.395,0.575
22,A,V,5,31.321,0.287
491,A,M,3,31.224,0.369
389,A,M,3,31.106,0.54
134,A,L,6,30.723,0.191
425,A,K,4,30.504,0.295
489,A,I,4,30.176,0.35
153,A,N,6,29.789,0.499
20,A,V,4,29.784,0.636
51,A,K,5,29.406,0.599
130,A,E,3,29.248,0.251
7,A,K,3,29.193,0.208
524,A,L,3,29.148,0.292
427,A,A,2,29.028,0.261
224,A,D,6,28.808,0.587
480,A,A,4,28.793,0.752
301,A,I,4,28.559,0.681
493,A,I,4,28.397,0.708
474,A,G,5,28.318,0.143
239,A,A,2,28.178,0.31
298,A,G,3,27.944,0.788
466,A,A,4,27.865,0.497
156,A,E,4,27.862,0.191
214,A,E,3,27.845,0.467
69,A,M,2,27.725,0.533
413,A,A,6,27.679,0.595
307,A,M,4,27.331,0.344
246,A,P,7,27.188,0.614
48,A,T,4,27.171,0.289
412,A,V,5,26.367,0.744
505,A,Q,4,26.287,0.485
407,A,V,3,26.091,0.63
419,A,L,2,26.088,0.707
519,A,C,4,26.055,0.502
501,A,R,2,26.006,0.762
167,A,D,2,25.975,0.395
350,A,R,3,25.96,0.602
323,A,V,4,25.928,0.71
111,A,M,3,25.817,0.428
353,A,I,4,25.808,0.591
187,A,L,3,25.452,0.555
380,A,K,3,25.191,0.467
383,A,A,2,25.091,0.767
324,A,V,4,24.918,0.318
313,A,T,2,24.268,0.374
276,A,V,3,23.629,0.814
74,A,V,4,23.374,0.617
106,A,A,3,23.354,0.353
401,A,H,2,23.025,0.423
250,A,I,3,22.992,0.773
454,A,I,3,22.943,0.833
334,A,D,1,22.906,0.384
168,A,K,3,22.844,0.649
349,A,I,3,22.566,0.78
462,A,P,2,22.465,0.629
50,A,T,5,22.457,0.714
272,A,K,4,22.267,0.44
314,A,L,3,22.265,0.451
18,A,R,1,21.791,0.301
225,A,K,2,21.68,0.577
512,A,G,2,21.529,0.448
249,A,I,5,21.396,0.807
411,A,V,3,21.191,0.704
445,A,R,2,21.158,0.432
449,A,A,4,20.734,0.371
254,A,V,3,20.631,0.685
186,A,E,2,19.898,0.443
220,A,I,3,19.824,0.728
25,A,D,1,19.79,0.456
305,A,I,4,19.734,0.396
396,A,V,3,19.717,0.565
452,A,R,4,19.453,0.501
143,A,A,2,19.366,0.39
175,A,I,3,19.301,0.779
6,A,V,4,19.148,0.552
221,A,L,5,18.926,0.915
42,A,K,2,18.913,0.605
456,A,L,2,18.777,0.18
59,A,E,2,18.759,0.644
121,A,D,1,18.638,0.44
94,A,V,4,18.558,0.703
409,A,E,3,18.215,0.857
240,A,V,4,17.986,0.525
346,A,V,3,17.826,0.528
195,A,F,2,17.802,0.798
16,A,M,3,17.689,0.567
387,A,V,3,17.651,0.493
304,A,E,3,17.559,0.666
116,A,L,3,17.5,0.624
213,A,V,2,17.311,0.539
164,A,E,1,17.224,0.457
303,A,E,1,17.081,0.615
161,A,L,3,16.854,0.439
468,A,T,2,16.825,0.433
149,A,T,2,16.771,0.557
273,A,V,4,16.715,0.509
63,A,E,2,16.555,0.397
40,A,L,3,16.464,0.667
435,A,D,3,16.363,0.712
453,A,Q,1,16.3,0.414
165,A,A,3,16.073,0.807
93,A,T,3,16.065,0.75
102,A,E,1,15.915,0.618
243,A,A,2,15.911,0.279
498,A,K,2,15.839,0.794
64,A,D,1,15.525,0.739
289,A,L,3,15.449,0.894
484,A,E,3,15.32,0.361
432,A,Q,2,15.137,0.272
262,A,L,4,15.078,0.851
180,A,G,3,14.991,0.57
356,A,A,3,14.973,0.61
441,A,K,3,14.955,0.21
56,A,V,5,14.868,0.711
29,A,V,4,14.856,0.566
207,A,K,1,14.756,0.611
194,A,Q,2,14.708,0.581
518,A,E,2,14.542,0.678
266,A,T,3,14.428,0.606
216,A,E,3,14.323,0.594
322,A,R,2,14.235,0.515
172,A,E,2,14.212,0.578
227,A,I,4,14.201,0.758
439,A,G,3,14.074,0.872
26,A,A,3,13.945,0.694
365,A,L,3,13.916,0.826
77,A,V,3,13.863,0.747
144,A,I,3,13.778,0.667
185,A,D,3,13.601,0.474
228,A,S,1,13.445,0.655
255,A,E,1,13.445,0.699
236,A,V,2,13.444,0.484
284,A,R,3,13.428,0.748
247,A,L,3,13.348,0.823
473,A,D,3,13.296,0.258
212,A,A,2,13.257,0.384
211,A,G,2,13.209,0.607
428,A,D,3,13.134,0.218
43,A,S,1,12.888,0.436
373,A,A,2,12.879,0.537
424,A,S,3,12.587,0.196
317,A,L,3,12.56,0.875
488,A,M,3,12.463,0.673
232,A,E,3,12.462,0.519
494,A,L,1,12.355,0.572
341,A,A,2,12.337,0.332
62,A,L,2,12.305,0.795
37,A,N,3,12.228,0.716
46,A,A,1,12.069,0.469
397,A,E,3,12.026,0.634
504,A,L,2,11.811,0.749
96,A,A,2,11.59,0.767
188,A,D,1,11.516,0.563
408,A,E,1,11.495,0.704
107,A,V,2,11.48,0.67
34,A,K,2,11.184,0.649
155,A,D,2,11.15,0.754
392,A,K,2,11.069,0.631
352,A,Q,2,11.068,0.56
348,A,Q,2,11.05,0.623
24,A,A,2,11.028,0.752
73,A,M,2,11.013,0.638
275,A,A,1,10.912,0.869
481,A,A,2,10.805,0.249
417,A,V,2,10.801,0.481
191,A,E,1,10.712,0.814
280,A,G,1,10.685,0.813
288,A,M,1,10.685,0.574
329,A,T,1,10.663,0.382
433,A,N,2,10.501,0.295
38,A,V,2,10.354,0.833
41,A,D,2,10.297,0.523
23,A,L,2,10.158,0.76
231,A,R,3,10.119,0.397
200,A,L,2,10.104,0.535
193,A,M,1,9.863,0.781
295,A,L,1,9.863,0.743
362,A,R,1,9.836,0.6
286,A,K,1,9.767,0.814
381,A,V,1,9.678,0.805
78,A,A,1,9.648,0.827
230,A,I,1,9.642,0.439
261,A,T,1,9.642,0.768
171,A,K,2,9.635,0.467
223,A,A,2,9.538,0.355
252,A,E,1,9.241,0.832
285,A,R,1,9.241,0.868
84,A,A,1,9.06,0.312
502,A,S,1,9.06,0.365
434,A,E,3,9.007,0.278
515,A,I,2,8.615,0.611
162,A,I,2,8.594,0.749
510,A,V,1,8.489,0.631
147,A,V,2,8.486,0.802
125,A,T,1,8.466,0.245
233,A,M,2,8.462,0.581
128,A,V,1,8.44,0.528
31,A,L,2,8.438,0.772
506,A,Y,2,8.273,0.604
331,A,T,2,8.158,0.644
163,A,A,2,8.052,0.764
75,A,K,2,8.047,0.567
71,A,A,1,7.974,0.816
60,A,I,2,7.782,0.767
204,A,F,2,7.662,0.782
177,A,V,1,7.609,0.727
55,A,S,2,7.542,0.697
287,A,A,1,7.498,0.595
157,A,T,2,7.48,0.306
9,A,G,1,7.43,0.348
205,A,I,1,7.314,0.623
179,A,D,1,7.294,0.712
13,A,R,1,7.112,0.789
310,A,E,2,7.086,0.603
253,A,D,2,7.005,0.813
146,A,Q,2,6.986,0.521
442,A,V,2,6.983,0.714
490,A,D,2,6.942,0.367
333,A,I,1,6.919,0.638
367,A,E,1,6.914,0.843
10,A,N,2,6.905,0.239
104,A,L,1,6.791,0.388
366,A,Q,1,6.787,0.614
463,A,S,1,6.722,0.434
309,A,L,2,6.555,0.821
347,A,A,2,6.442,0.267
183,A,L,1,6.297,0.336
384,A,A,1,6.297,0.573
379,A,I,2,6.287,0.721
103,A,G,1,6.272,0.851
137,A,P,2,6.24,0.368
482,A,T,2,6.119,0.414
118,A,R,1,6.072,0.6
458,A,C,2,6.009,0.724
472,A,G,1,5.989,0.194
81,A,A,1,5.93,0.792
199,A,Y,1,5.895,0.823
525,A,P,1,5.861,0.575
326,A,N,1,5.853,0.436
58,A,R,2,5.835,0.679
8,A,F,1,5.829,0.686
148,A,G,1,5.575,0.734
140,A,D,2,5.442,0.38
395,A,R,1,5.407,0.811
119,A,G,1,5.35,0.89
521,A,V,1,5.325,0.641
113,A,P,1,5.319,0.768
257,A,E,1,5.295,0.812
114,A,M,1,5.181,0.509
516,A,T,1,5.181,0.786
527,A,N,1,5.149,0.367
377,A,A,2,5.123,0.858
39,A,V,2,5.087,0.586
91,A,T,1,5.023,0.856
400,A,L,1,4.947,0.623
402,A,A,1,4.726,0.81
496,A,P,1,4.726,0.871
159,A,G,1,4.708,0.924
142,A,K,1,4.636,0.322
189,A,V,1,4.634,0.478
391,A,E,1,4.509,0.732
98,A,A,1,4.42,0.611
355,A,E,1,4.334,0.264
513,A,L,1,4.247,0.561
277,A,K,1,4.196,0.891
278,A,A,1,4.149,0.885
197,A,R,1,4.059,0.686
281,A,F,1,4.059,0.861
105,A,K,1,4.03,0.623
302,A,S,1,3.892,0.529
477,A,G,1,3.873,0.893
340,A,A,1,3.867,0.303
57,A,A,1,3.839,0.851
112,A,N,1,3.82,0.727
35,A,G,1,3.761,0.872
361,A,D,1,3.624,0.762
182,A,G,1,3.613,0.506
263,A,V,1,3.613,0.795
3,A,A,1,3.579,0.647
416,A,G,1,3.527,0.904
406,A,A,1,3.496,0.906
79,A,S,1,3.158,0.439
92,A,A,1,3.152,0.808
184,A,Q,1,3.072,0.329
206,A,N,1,2.984,0.764
359,A,D,1,2.935,0.579
49,A,I,1,2.899,0.653
117,A,K,1,2.891,0.583
363,A,E,1,2.89,0.793
108,A,A,1,2.875,0.52
461,A,E,1,2.865,0.557
133,A,A,1,2.858,0.298
293,A,A,1,2.83,0.913
503,A,A,1,2.829,0.783
72,A,Q,1,2.805,0.525
390,A,K,1,2.8,0.702
241,A,A,1,2.713,0.402
270,A,I,1,2.713,0.398
244,A,G,1,2.703,0.551
83,A,D,1,2.677,0.705
398,A,D,1,2.622,0.905
169,A,V,1,2.611,0.869
446,A,A,1,2.603,0.768
174,A,V,1,2.593,0.792
370,A,A,1,2.593,0.862
354,A,E,1,2.575,0.569
511,A,A,1,2.543,0.755
294,A,T,1,2.54,0.592
208,A,P,1,2.433,0.282
267,A,M,1,2.433,0.616
158,A,V,1,2.43,0.689
210,A,T,1,2.419,0.407
54,A,V,1,2.356,0.829
150,A,I,1,2.356,0.725
360,A,Y,1,2.334,0.642
181,A,T,1,2.302,0.501