i,A_i,j,A_j,cn,segment_i,segment_j,mad_score,probability,score,dist_intra,dist_multimer,dist,precision
274,A,325,I,1.044,A,A,52.144,1,32.855,3.535,30.806,3.535,1
135,S,497,T,1.025,A,A,51.213,1,32.281,2.625,50.945,2.625,1
460,E,478,Y,1.005,A,A,50.203,1,31.775,2.595,16.923,2.595,1
479,N,486,G,0.955,A,A,47.701,1,30.168,5.368,29.794,5.368,0.75
21,N,97,Q,0.917,A,A,45.812,1,28.769,2.824,23.711,2.824,0.8
131,L,497,T,0.903,A,A,45.116,1,28.101,3.83,46.582,3.83,0.833333333
299,T,316,D,0.899,A,A,44.944,1,28.056,2.482,31.411,2.482,0.857142857
451,L,469,V,0.855,A,A,42.738,1,26.781,3.876,20.267,3.876,0.875
145,A,160,K,0.848,A,A,42.397,1,26.399,3.402,42.857,3.402,0.888888889
427,A,444,L,0.832,A,A,41.607,1,26.052,3.116,31.816,3.116,0.9
475,N,487,N,0.825,A,A,41.242,1,25.726,2.972,33.527,2.972,0.909090909
124,V,508,A,0.826,A,A,41.315,1,25.598,3.336,42.445,3.336,0.916666667
460,E,483,E,0.812,A,A,40.595,1,25.291,3.287,18.918,3.287,0.923076923
120,I,508,A,0.801,A,A,40.055,1,24.739,3.965,38.575,3.965,0.928571429
28,K,97,Q,0.784,A,A,39.188,1,24.284,2.813,21.422,2.813,0.933333333
465,V,485,Y,0.746,A,A,37.337,1,23.201,3.424,12.549,3.424,0.9375
141,S,167,D,0.747,A,A,37.36,1,22.936,2.633,54.724,2.633,0.941176471
321,K,334,D,0.746,A,A,37.309,1,22.906,2.553,36.472,2.553,0.944444444
419,L,500,T,0.737,A,A,36.87,1,22.596,3.144,42.369,3.144,0.947368421
222,L,298,G,0.728,A,A,36.408,1,22.184,3.363,31.405,3.363,0.95
122,K,436,Q,0.721,A,A,36.069,1,22.105,4.443,31.4,4.443,0.952380952
239,A,313,T,0.721,A,A,36.072,1,22.013,4.592,22.345,4.592,0.954545455
18,R,67,E,0.713,A,A,35.687,1,21.791,2.605,18.724,2.605,0.956521739
448,E,470,K,0.676,A,A,33.855,1,20.732,2.582,20.298,2.582,0.958333333
431,G,440,I,0.671,A,A,33.562,1,20.446,3.183,29.118,3.183,0.96
127,A,447,M,0.668,A,A,33.457,1,20.319,3.703,41.481,3.703,0.961538462
25,D,97,Q,0.652,A,A,32.655,1,19.79,2.708,20.739,2.708,0.962962963
383,A,389,M,0.653,A,A,32.674,1,19.765,2.973,32.817,2.973,0.964285714
426,L,440,I,0.645,A,A,32.311,1,19.646,4.238,32.77,4.238,0.965517241
319,Q,336,V,0.633,A,A,31.718,1,19.024,2.581,35.612,2.581,0.966666667
215,L,248,L,0.633,A,A,31.714,1,18.97,4.028,25.188,4.028,0.967741935
21,N,101,T,0.628,A,A,31.471,1,18.904,3.967,24.951,3.967,0.96875
121,D,512,G,0.621,A,A,31.087,1,18.638,5.43,40.394,5.43,0.939393939
115,D,436,Q,0.614,A,A,30.768,1,18.456,2.787,27.527,2.787,0.941176471
123,A,443,A,0.61,A,A,30.57,1,18.325,3.684,36.088,3.684,0.942857143
479,N,491,M,0.59,A,A,29.552,1,17.759,3.365,32.852,3.365,0.944444444
99,I,120,I,0.589,A,A,29.516,1,17.737,3.275,31.431,3.275,0.945945946
320,A,332,I,0.585,A,A,29.301,1,17.426,3.292,32.104,3.292,0.947368421
131,L,418,A,0.578,A,A,28.953,1,17.34,3.38,43.882,3.38,0.948717949
141,S,164,E,0.579,A,A,28.998,1,17.224,2.717,46.495,2.717,0.95
225,K,303,E,0.575,A,A,28.797,1,17.081,2.6,28.08,2.6,0.951219512
100,I,514,M,0.565,A,A,28.3,1,16.796,3.114,29.022,3.114,0.952380952
99,I,443,A,0.556,A,A,27.877,1,16.622,4.693,31.9,4.693,0.953488372
222,L,292,I,0.558,A,A,27.949,1,16.407,3.195,33.209,3.195,0.954545455
136,V,143,A,0.547,A,A,27.44,1,16.349,7.004,46.237,7.004,0.933333333
28,K,453,Q,0.547,A,A,27.399,1,16.3,3.082,20.058,3.082,0.934782609
166,M,407,V,0.55,A,A,27.575,1,16.283,3.691,44.271,3.691,0.936170213
454,I,480,A,0.541,A,A,27.112,1,16.163,3.675,28.177,3.675,0.9375
106,A,438,V,0.537,A,A,26.899,1,15.954,4.267,16.404,4.267,0.93877551
102,E,445,R,0.537,A,A,26.912,1,15.915,2.48,20.814,2.48,0.94
245,K,319,Q,0.544,A,A,27.248,1,15.89,2.414,27.731,2.414,0.941176471
22,V,67,E,0.535,A,A,26.799,1,15.733,5.069,18.087,5.069,0.923076923
15,K,64,D,0.529,A,A,26.523,1,15.525,2.564,19.153,2.564,0.924528302
423,A,470,K,0.525,A,A,26.341,1,15.489,6.149,27.853,6.149,0.907407407
17,L,101,T,0.52,A,A,26.052,1,15.246,3.466,21.307,3.466,0.909090909
120,I,443,A,0.518,A,A,25.97,1,15.229,4.04,32.857,4.04,0.910714286
431,G,437,N,0.512,A,A,25.668,1,15.17,2.641,23.853,2.641,0.912280702
132,K,501,R,0.514,A,A,25.802,1,14.818,4.222,45.825,4.222,0.913793103
207,K,214,E,0.507,A,A,25.444,1,14.756,2.654,27.323,2.654,0.915254237
217,S,319,Q,0.501,A,A,25.135,1,14.537,3.124,28.734,3.124,0.916666667
219,F,319,Q,0.496,A,A,24.897,1,14.402,2.861,28.061,2.861,0.918032787
213,V,274,A,0.496,A,A,24.885,1,14.262,3.783,26.744,3.783,0.919354839
69,M,522,T,0.488,A,A,24.475,1,14.235,3.615,14.47,3.615,0.920634921
5,D,524,L,0.479,A,A,24.019,1,14.163,3.231,16.334,3.231,0.921875
7,K,66,F,0.474,A,A,23.793,1,13.696,3.087,15.85,3.087,0.923076923
136,V,489,I,0.476,A,A,23.869,1,13.694,4.085,48.279,4.085,0.924242424
141,S,160,K,0.467,A,A,23.463,1,13.553,5.272,43.567,5.272,0.910447761
69,M,520,M,0.467,A,A,23.422,1,13.49,3.352,15.963,3.352,0.911764706
228,S,255,E,0.469,A,A,23.554,1,13.445,3.15,24.962,3.15,0.913043478
421,R,475,N,0.459,A,A,23.028,1,13.229,4.707,30.126,4.707,0.914285714
130,E,425,K,0.458,A,A,22.977,1,13.214,2.553,44.819,2.553,0.915492958
420,I,470,K,0.458,A,A,23.003,1,13.133,3.226,22.339,3.226,0.916666667
7,K,15,K,0.445,A,A,22.359,1,12.97,3.733,14.657,3.733,0.917808219
301,I,312,A,0.455,A,A,22.838,1,12.937,2.306,26.576,2.306,0.918918919
195,F,276,V,0.458,A,A,22.978,1,12.932,3.576,34.702,3.576,0.92
420,I,451,L,0.448,A,A,22.488,1,12.899,3.134,23.805,3.134,0.921052632
43,S,65,K,0.446,A,A,22.39,1,12.888,17.624,4.385,4.385,0.922077922
307,M,316,D,0.449,A,A,22.561,1,12.857,3.422,21.471,3.422,0.923076923
479,N,493,I,0.441,A,A,22.148,1,12.85,2.871,34.888,2.871,0.924050633
353,I,369,V,0.448,A,A,22.506,1,12.8,3.159,46.018,3.159,0.925
432,Q,440,I,0.482,A,A,24.182,1,12.645,5.657,27.67,5.657,0.913580247
421,R,474,G,0.441,A,A,22.137,1,12.537,2.712,30.666,2.712,0.914634146
411,V,494,L,0.436,A,A,21.882,1,12.355,3.255,47.102,3.255,0.915662651
111,M,438,V,0.428,A,A,21.495,1,12.211,3.519,13.323,3.519,0.916666667
349,I,369,V,0.431,A,A,21.674,1,12.205,3.195,46.22,3.195,0.917647059
46,A,387,V,0.429,A,A,21.553,1,12.069,4.82,24.845,4.82,0.918604651
149,T,156,E,0.427,A,A,21.452,1,12.063,3.186,40.754,3.186,0.91954023
51,K,153,N,0.428,A,A,21.501,1,12.022,2.748,37.511,2.748,0.920454545
217,S,245,K,0.425,A,A,21.372,1,11.945,2.883,29.676,2.883,0.921348315
172,E,350,R,0.423,A,A,21.243,1,11.93,4.34,47.122,4.34,0.922222222
248,L,274,A,0.425,A,A,21.373,1,11.876,3.192,29.019,3.192,0.923076923
250,I,292,I,0.417,A,A,20.96,1,11.735,3.291,33.762,3.291,0.923913043
426,L,444,L,0.414,A,A,20.783,1,11.715,3.207,34.581,3.207,0.924731183
82,N,401,H,0.414,A,A,20.816,1,11.711,4.655,37.542,4.655,0.925531915
130,E,422,V,0.415,A,A,20.86,1,11.701,3.33,45.234,3.33,0.926315789
188,D,380,K,0.41,A,A,20.622,1,11.516,2.609,42.356,2.609,0.927083333
48,T,394,A,0.412,A,A,20.703,1,11.515,8.42,27.224,8.42,0.917525773
408,E,498,K,0.41,A,A,20.617,1,11.495,2.831,47.384,2.831,0.918367347
20,V,514,M,0.4,A,A,20.085,1,11.412,3.499,22.019,3.499,0.919191919
63,E,524,L,0.405,A,A,20.358,1,11.406,7.989,3.409,3.409,0.92
126,A,429,L,0.404,A,A,20.306,1,11.376,3.449,38.138,3.449,0.920792079
186,E,380,K,0.405,A,A,20.351,1,11.373,2.631,40.788,2.631,0.921568627
123,A,440,I,0.407,A,A,20.443,1,11.365,3.433,34.072,3.433,0.922330097
394,A,401,H,0.401,A,A,20.142,1,11.314,6.528,30.939,6.528,0.913461538
456,L,462,P,0.401,A,A,20.181,1,11.298,3.189,11.477,3.189,0.914285714
409,E,501,R,0.401,A,A,20.174,1,11.188,2.518,45.415,2.518,0.91509434
455,V,462,P,0.392,A,A,19.73,1,11.167,3.229,13.271,3.229,0.91588785
321,K,336,V,0.402,A,A,20.23,1,11.16,3.708,34.962,3.708,0.916666667
243,A,314,L,0.402,A,A,20.189,1,11.115,3.711,20.628,3.711,0.917431193
15,K,67,E,0.399,A,A,20.046,1,11.108,2.627,18.209,2.627,0.918181818
220,I,320,A,0.397,A,A,19.954,1,11.065,3.322,28.225,3.322,0.918918919
127,A,422,V,0.392,A,A,19.712,1,11.033,3.27,45.606,3.27,0.919642857
165,A,187,L,0.399,A,A,20.037,1,11.03,3.035,42.659,3.035,0.920353982
248,L,325,I,0.398,A,A,20,1,10.975,3.627,30.918,3.627,0.921052632
126,A,425,K,0.389,A,A,19.575,1,10.927,6.837,43.403,6.837,0.913043478
254,V,275,A,0.397,A,A,19.959,1,10.912,3.682,22.257,3.682,0.913793103
222,L,300,V,0.393,A,A,19.762,1,10.907,3.028,32.726,3.028,0.914529915
166,M,175,I,0.391,A,A,19.653,1,10.881,3.433,45.699,3.433,0.915254237
66,F,520,M,0.384,A,A,19.309,1,10.765,3.349,16.845,3.349,0.915966387
484,E,491,M,0.379,A,A,19.06,1,10.764,3.867,29.505,3.867,0.916666667
429,L,440,I,0.381,A,A,19.185,1,10.76,3.731,30.145,3.731,0.917355372
168,K,191,E,0.388,A,A,19.527,1,10.712,6.023,44.215,6.023,0.909836066
280,G,288,M,0.39,A,A,19.621,1,10.685,3.764,36.78,3.764,0.910569106
194,Q,329,T,0.388,A,A,19.501,1,10.663,2.694,36.96,2.694,0.911290323
292,I,332,I,0.386,A,A,19.438,1,10.622,3.408,33.651,3.408,0.912
451,L,466,A,0.375,A,A,18.857,1,10.53,3.688,17.991,3.688,0.912698413
423,A,444,L,0.376,A,A,18.912,1,10.5,3.411,35.728,3.411,0.913385827
430,R,437,N,0.371,A,A,18.692,1,10.47,3.117,20.935,3.117,0.9140625
42,K,59,E,0.371,A,A,18.647,1,10.407,2.583,15.676,2.583,0.914728682
420,I,466,A,0.373,A,A,18.753,1,10.343,3.558,20.24,3.558,0.915384615
350,R,369,V,0.371,A,A,18.668,1,10.163,3.504,48.783,3.504,0.916030534
111,M,435,D,0.364,A,A,18.318,1,9.942,3.102,15.926,3.102,0.916666667
486,G,493,I,0.357,A,A,17.959,1,9.879,7.475,34.864,7.475,0.909774436
193,M,295,L,0.365,A,A,18.392,1,9.863,3.087,38.28,3.087,0.910447761
356,A,362,R,0.359,A,A,18.059,1,9.836,2.678,53.262,2.678,0.911111111
476,Y,486,G,0.354,A,A,17.843,1,9.827,3.209,23.32,3.209,0.911764706
286,K,304,E,0.362,A,A,18.236,1,9.767,2.585,34.146,2.585,0.912408759
381,V,396,V,0.357,A,A,17.989,1,9.678,3.719,33.935,3.719,0.913043478
78,A,93,T,0.349,A,A,17.597,1,9.648,3.325,32.874,3.325,0.913669065
230,I,261,T,0.361,A,A,18.187,1,9.642,3.104,16.778,3.104,0.914285714
219,F,240,V,0.356,A,A,17.916,1,9.61,3.35,26.475,3.35,0.914893617
219,F,245,K,0.351,A,A,17.69,1,9.419,3.132,24.252,3.132,0.915492958
6,V,519,C,0.341,A,A,17.162,1,9.411,3.402,24.271,3.402,0.916083916
28,K,94,V,0.346,A,A,17.438,1,9.368,3.321,25.103,3.321,0.916666667
252,E,285,R,0.345,A,A,17.352,1,9.241,2.576,33.692,2.576,0.917241379
84,A,502,S,0.335,A,A,16.892,1,9.06,3.975,39.952,3.975,0.917808219
346,V,373,A,0.337,A,A,16.975,1,9.012,3.873,45.033,3.873,0.918367347
468,T,485,Y,0.325,A,A,16.378,1,8.878,2.679,11.789,2.679,0.918918919
145,A,156,E,0.332,A,A,16.719,1,8.854,4.419,42.403,4.419,0.919463087
290,Q,299,T,0.333,A,A,16.773,1,8.819,3.737,36.157,3.737,0.92
16,M,100,I,0.331,A,A,16.672,1,8.817,4.925,27.509,4.925,0.920529801
290,Q,341,A,0.336,A,A,16.926,1,8.811,6.4,36.4,6.4,0.914473684
266,T,272,K,0.333,A,A,16.76,1,8.765,3.41,15.119,3.41,0.91503268
217,S,321,K,0.327,A,A,16.483,1,8.681,2.603,34.717,2.603,0.915584416
423,A,448,E,0.323,A,A,16.261,1,8.646,5.083,28.094,5.083,0.909677419
323,V,332,I,0.325,A,A,16.37,1,8.635,3.644,33.216,3.644,0.91025641
246,P,272,K,0.327,A,A,16.467,1,8.528,3.104,23.203,3.104,0.910828025
180,G,186,E,0.321,A,A,16.195,1,8.525,3.722,40.255,3.722,0.911392405
34,K,483,E,0.316,A,A,15.92,1,8.509,2.522,27.478,2.522,0.911949686
42,K,48,T,0.317,A,A,15.977,1,8.506,2.799,24.819,2.799,0.9125
73,M,510,V,0.317,A,A,15.983,1,8.489,3.55,31.575,3.55,0.913043478
125,T,505,Q,0.324,A,A,16.329,1,8.466,6.248,41.782,6.248,0.907407407
115,D,481,A,0.318,A,A,16.018,1,8.443,36.223,7.997,7.997,0.901840491
128,V,505,Q,0.321,A,A,16.194,1,8.44,3.747,46.372,3.747,0.902439024
290,Q,305,I,0.32,A,A,16.131,1,8.356,6.36,29.234,6.36,0.896969697
40,L,59,E,0.31,A,A,15.625,1,8.352,3.396,19.827,3.396,0.897590361
218,P,323,V,0.316,A,A,15.944,1,8.337,3.283,31.525,3.283,0.898203593
430,R,441,K,0.306,A,A,15.429,1,8.218,3.666,23.568,3.666,0.898809524
82,N,394,A,0.312,A,A,15.755,1,8.187,6.329,27.439,6.329,0.893491124
412,V,500,T,0.312,A,A,15.734,1,8.111,3.776,44.223,3.776,0.894117647
5,D,522,T,0.304,A,A,15.328,1,8.107,2.618,17.732,2.618,0.894736842
417,V,469,V,0.306,A,A,15.456,1,8.033,3.59,24.136,3.59,0.895348837
62,L,71,A,0.299,A,A,15.062,1,7.974,3.692,23.153,3.692,0.895953757
224,D,312,A,0.306,A,A,15.455,1,7.973,5.295,24.343,5.295,0.890804598
468,T,476,Y,0.299,A,A,15.106,1,7.947,3.343,14.337,3.343,0.891428571
301,I,316,D,0.308,A,A,15.558,1,7.899,2.711,25.587,2.711,0.892045455
349,I,365,L,0.301,A,A,15.193,1,7.821,3.332,45.904,3.332,0.892655367
430,R,440,I,0.296,A,A,14.942,1,7.8,3.389,27.122,3.389,0.893258427
132,K,497,T,0.301,A,A,15.191,1,7.72,4.518,42.509,4.518,0.893854749
20,V,74,V,0.293,A,A,14.8,1,7.672,3.261,28.488,3.261,0.894444444
216,E,322,R,0.296,A,A,14.93,1,7.628,2.744,30.16,2.744,0.895027624
177,V,396,V,0.297,A,A,14.989,1,7.609,3.36,40.837,3.36,0.895604396
134,L,413,A,0.295,A,A,14.906,0.999,7.589,5.274,42.858,5.274,0.890710383
465,V,478,Y,0.284,A,A,14.345,0.999,7.526,3.392,15.474,3.392,0.891304348
20,V,100,I,0.293,A,A,14.779,0.999,7.502,3.886,27.703,3.886,0.891891892
469,V,485,Y,0.283,A,A,14.27,0.999,7.501,3.673,14.902,3.673,0.892473118
168,K,187,L,0.292,A,A,14.742,0.999,7.498,2.892,43.602,2.892,0.893048128
287,A,352,Q,0.297,A,A,14.968,0.999,7.498,5.683,47.244,5.683,0.888297872
449,A,456,L,0.286,A,A,14.418,0.999,7.479,7.322,17.764,7.322,0.883597884
9,G,518,E,0.284,A,A,14.362,0.999,7.43,2.612,25.993,2.612,0.884210526
212,A,324,V,0.289,A,A,14.576,0.999,7.404,3.846,32.335,3.846,0.884816754
23,L,74,V,0.287,A,A,14.467,0.999,7.404,3.395,24.954,3.395,0.885416667
24,A,97,Q,0.288,A,A,14.545,0.999,7.365,2.932,26.153,2.932,0.886010363
134,L,474,G,0.288,A,A,14.53,0.999,7.326,3.816,39.954,3.816,0.886597938
205,I,211,G,0.286,A,A,14.428,0.999,7.314,2.787,28.894,2.787,0.887179487
200,L,254,V,0.291,A,A,14.708,0.999,7.295,0.87,24.527,0.87,0.887755102
179,D,389,M,0.287,A,A,14.512,0.999,7.294,2.744,33.506,2.744,0.888324873
236,V,312,A,0.285,A,A,14.39,0.999,7.257,3.225,23.394,3.225,0.888888889
218,P,320,A,0.284,A,A,14.36,0.999,7.22,2.631,33.793,2.631,0.889447236
131,L,422,V,0.28,A,A,14.149,0.999,7.128,3.032,44.683,3.032,0.89
13,R,518,E,0.272,A,A,13.722,0.999,7.112,2.529,19.503,2.529,0.890547264
455,V,465,V,0.272,A,A,13.745,0.999,7.055,3.278,14.055,3.278,0.891089109
218,P,319,Q,0.282,A,A,14.219,0.999,7.024,3.13,30.512,3.13,0.891625616
66,F,522,T,0.273,A,A,13.804,0.999,7.018,2.946,15.011,2.946,0.892156863
475,N,489,I,0.268,A,A,13.536,0.999,6.952,2.851,38.31,2.851,0.892682927
222,L,289,L,0.281,A,A,14.195,0.999,6.946,3.199,33.663,3.199,0.893203883
161,L,187,L,0.276,A,A,13.946,0.999,6.924,3.378,44.65,3.378,0.893719807
324,V,333,I,0.278,A,A,14.036,0.999,6.919,3.717,33.824,3.717,0.894230769
284,R,367,E,0.281,A,A,14.214,0.999,6.914,2.636,37.758,2.636,0.894736842
82,N,397,E,0.273,A,A,13.795,0.999,6.901,7.201,30.856,7.201,0.89047619
17,L,104,L,0.27,A,A,13.635,0.999,6.791,3.646,18.142,3.646,0.890995261
353,I,366,Q,0.27,A,A,13.635,0.999,6.787,3.311,50.324,3.311,0.891509434
455,V,480,A,0.265,A,A,13.416,0.999,6.786,5.701,24.282,5.701,0.887323944
124,V,504,L,0.273,A,A,13.814,0.999,6.769,3.205,40.953,3.205,0.887850467
514,M,520,M,0.261,A,A,13.179,0.999,6.757,5.915,20.49,5.915,0.88372093
452,R,463,S,0.262,A,A,13.244,0.999,6.722,2.763,9.81,2.763,0.884259259
290,Q,348,Q,0.274,A,A,13.862,0.999,6.716,4.979,44.157,4.979,0.884792627
420,I,448,E,0.265,A,A,13.403,0.999,6.681,3.572,22.762,3.572,0.885321101
161,L,185,D,0.267,A,A,13.494,0.999,6.662,3.067,39.811,3.067,0.885844749
214,E,322,R,0.266,A,A,13.425,0.999,6.607,2.645,29.885,2.645,0.886363636
115,D,433,N,0.263,A,A,13.281,0.999,6.586,2.72,26.921,2.72,0.886877828
124,V,443,A,0.262,A,A,13.265,0.999,6.576,4.655,38.81,4.655,0.887387387
346,V,369,V,0.265,A,A,13.412,0.999,6.532,3.301,46.222,3.301,0.887892377
17,L,100,I,0.261,A,A,13.221,0.998,6.496,3.91,23.388,3.91,0.888392857
214,E,324,V,0.263,A,A,13.277,0.998,6.482,3.423,28.969,3.423,0.888888889
77,V,96,A,0.255,A,A,12.913,0.998,6.464,4.069,35.925,4.069,0.889380531
5,D,65,K,0.261,A,A,13.204,0.998,6.46,6.218,10.91,6.218,0.885462555
132,K,505,Q,0.264,A,A,13.35,0.998,6.434,6.335,46.043,6.335,0.881578947
116,L,438,V,0.26,A,A,13.172,0.998,6.424,3.758,19.442,3.758,0.88209607
144,I,171,K,0.261,A,A,13.177,0.998,6.412,3.871,46.267,3.871,0.882608696
215,L,274,A,0.264,A,A,13.362,0.998,6.389,3.811,24.818,3.811,0.883116883
443,A,508,A,0.254,A,A,12.85,0.998,6.353,6.47,38.388,6.47,0.879310345
101,T,449,A,0.253,A,A,12.821,0.998,6.313,9.017,25.826,9.017,0.875536481
473,D,487,N,0.254,A,A,12.828,0.998,6.306,6.281,28.788,6.281,0.871794872
183,L,384,A,0.259,A,A,13.083,0.998,6.297,3.367,38.37,3.367,0.872340426
103,G,515,I,0.257,A,A,13.006,0.998,6.272,3.455,24.843,3.455,0.872881356
223,A,300,V,0.26,A,A,13.134,0.998,6.271,3.961,32.841,3.961,0.873417722
26,A,519,C,0.249,A,A,12.601,0.998,6.263,23.434,3.897,3.897,0.87394958
38,V,519,C,0.252,A,A,12.742,0.998,6.255,29.032,2.521,2.521,0.874476987
249,I,262,L,0.255,A,A,12.913,0.998,6.192,2.204,18.408,2.204,0.875
236,V,317,L,0.259,A,A,13.078,0.998,6.187,3.22,25.624,3.22,0.875518672
239,A,314,L,0.255,A,A,12.898,0.998,6.165,2.986,24.976,2.986,0.876033058
50,T,394,A,0.257,A,A,13.022,0.998,6.164,5.424,31.742,5.424,0.872427984
107,V,116,L,0.248,A,A,12.529,0.998,6.161,3.553,19.459,3.553,0.87295082
126,A,428,D,0.252,A,A,12.731,0.998,6.129,8.63,36.95,8.63,0.869387755
430,R,444,L,0.244,A,A,12.357,0.998,6.102,6.635,27.878,6.635,0.865853659
118,R,436,Q,0.248,A,A,12.556,0.998,6.072,3.126,31.332,3.126,0.866396761
41,D,65,K,0.242,A,A,12.268,0.998,6.009,18.027,2.63,2.63,0.866935484
472,G,485,Y,0.244,A,A,12.359,0.997,5.989,7.818,16.534,7.818,0.863453815
81,A,506,Y,0.245,A,A,12.394,0.997,5.93,3.354,34.384,3.354,0.864
199,Y,211,G,0.247,A,A,12.496,0.997,5.895,2.739,23.115,2.739,0.864541833
247,L,273,V,0.251,A,A,12.681,0.997,5.885,2.864,25.507,2.864,0.865079365
65,K,525,P,0.244,A,A,12.366,0.997,5.861,4.658,14.153,4.658,0.865612648
212,A,326,N,0.243,A,A,12.309,0.997,5.853,3.549,28.081,3.549,0.866141732
8,F,22,V,0.24,A,A,12.146,0.997,5.829,18.366,3.79,3.79,0.866666667
423,A,447,M,0.242,A,A,12.259,0.997,5.825,3.52,34.515,3.52,0.8671875
218,P,245,K,0.244,A,A,12.358,0.997,5.779,4.498,26.691,4.498,0.86770428
155,D,392,K,0.238,A,A,12.046,0.997,5.743,2.91,40.844,2.91,0.868217054
233,M,249,I,0.244,A,A,12.344,0.997,5.74,2.371,23.783,2.371,0.868725869
222,L,250,I,0.242,A,A,12.262,0.997,5.691,3.278,33.213,3.278,0.869230769
413,A,489,I,0.24,A,A,12.156,0.997,5.684,3.599,41.807,3.599,0.869731801
122,K,440,I,0.234,A,A,11.859,0.996,5.645,4.093,33.549,4.093,0.870229008
148,G,162,I,0.232,A,A,11.743,0.996,5.575,3.805,46.954,3.805,0.870722433
250,I,332,I,0.238,A,A,12.046,0.996,5.566,3.51,28.891,3.51,0.871212121
276,V,325,I,0.242,A,A,12.229,0.996,5.549,3.616,27.323,3.616,0.871698113
5,D,66,F,0.234,A,A,11.834,0.996,5.521,2.954,13.233,2.954,0.872180451
301,I,307,M,0.237,A,A,11.984,0.996,5.468,3.051,26.905,3.051,0.872659176
224,D,304,E,0.232,A,A,11.759,0.996,5.44,3.399,32.112,3.399,0.873134328
175,I,407,V,0.234,A,A,11.83,0.996,5.431,8.422,42.978,8.422,0.869888476
120,I,439,G,0.229,A,A,11.623,0.996,5.409,2.713,29.382,2.713,0.87037037
155,D,395,R,0.227,A,A,11.53,0.996,5.407,2.59,37.484,2.59,0.870848708
469,V,476,Y,0.226,A,A,11.449,0.995,5.392,3.227,17.73,3.227,0.871323529
119,G,439,G,0.225,A,A,11.393,0.995,5.35,3.163,29.41,3.163,0.871794872
413,A,488,M,0.228,A,A,11.532,0.995,5.334,3.334,37.723,3.334,0.872262774
383,A,392,K,0.226,A,A,11.476,0.995,5.326,4.673,30.984,4.673,0.872727273
40,L,521,V,0.221,A,A,11.21,0.995,5.325,25.212,3.553,3.553,0.873188406
107,V,113,P,0.223,A,A,11.311,0.995,5.319,3.634,21.423,3.634,0.873646209
421,R,469,V,0.227,A,A,11.49,0.995,5.313,2.479,22.497,2.479,0.874100719
51,K,394,A,0.23,A,A,11.674,0.995,5.3,6.607,34.429,6.607,0.870967742
231,R,257,E,0.234,A,A,11.857,0.995,5.295,2.906,14.191,2.906,0.871428571
131,L,412,V,0.222,A,A,11.277,0.995,5.283,3.88,44.339,3.88,0.871886121
37,N,51,K,0.22,A,A,11.134,0.995,5.262,3.054,31.603,3.054,0.872340426
127,A,426,L,0.223,A,A,11.294,0.995,5.251,3.095,42.752,3.095,0.872791519
445,R,452,R,0.219,A,A,11.099,0.995,5.243,5.446,20.554,5.446,0.86971831
114,M,516,T,0.227,A,A,11.497,0.994,5.181,3.775,33.308,3.775,0.870175439
134,L,422,V,0.223,A,A,11.308,0.994,5.156,3.459,42.926,3.459,0.870629371
63,E,527,N,0.225,A,A,11.422,0.994,5.149,,,,
248,L,276,V,0.226,A,A,11.473,0.994,5.148,4.119,27.613,4.119,0.871080139
74,V,96,A,0.218,A,A,11.056,0.994,5.126,3.675,34.201,3.675,0.871527778
221,L,247,L,0.222,A,A,11.253,0.994,5.048,3.677,22.399,3.677,0.871972318
127,A,504,L,0.223,A,A,11.326,0.994,5.042,3.892,45.442,3.892,0.872413793
31,L,91,T,0.217,A,A,10.999,0.993,5.023,3.391,31.005,3.391,0.872852234
299,T,305,I,0.22,A,A,11.139,0.993,5.02,6.198,25.04,6.198,0.869863014
126,A,440,I,0.217,A,A,11.01,0.993,5.001,7.126,38.219,7.126,0.866894198
26,A,60,I,0.212,A,A,10.784,0.993,4.995,3.849,26.322,3.849,0.867346939
147,V,411,V,0.216,A,A,10.966,0.993,4.99,3.796,44.928,3.796,0.86779661
219,F,314,L,0.218,A,A,11.036,0.993,4.985,3.465,26.258,3.465,0.868243243
299,T,307,M,0.219,A,A,11.115,0.993,4.978,4.145,25.276,4.145,0.868686869
424,S,470,K,0.216,A,A,10.938,0.993,4.968,4.03,26.673,4.03,0.869127517
248,L,323,V,0.219,A,A,11.117,0.993,4.95,3.811,29.193,3.811,0.869565217
204,F,274,A,0.225,A,A,11.43,0.993,4.948,3.172,25.244,3.172,0.87
166,M,400,L,0.215,A,A,10.925,0.993,4.947,3.886,44.832,3.886,0.870431894
221,L,227,I,0.218,A,A,11.047,0.993,4.945,4.625,21.814,4.625,0.870860927
106,A,116,L,0.214,A,A,10.842,0.993,4.915,3.252,18.568,3.252,0.871287129
195,F,332,I,0.215,A,A,10.906,0.992,4.87,3.726,33.585,3.726,0.871710526
16,M,520,M,0.206,A,A,10.474,0.992,4.849,3.365,17.264,3.365,0.872131148
48,T,55,S,0.21,A,A,10.654,0.992,4.825,6.205,21.702,6.205,0.869281046
141,S,163,A,0.217,A,A,11.004,0.992,4.812,2.82,52.528,2.82,0.86970684
99,I,508,A,0.211,A,A,10.712,0.992,4.807,3.594,36.57,3.594,0.87012987
50,T,56,V,0.204,A,A,10.366,0.992,4.804,3.055,25.163,3.055,0.870550162
219,F,243,A,0.216,A,A,10.952,0.992,4.796,3.568,23.101,3.568,0.870967742
220,I,248,L,0.213,A,A,10.83,0.991,4.753,3.354,31.302,3.354,0.871382637
402,A,496,P,0.211,A,A,10.727,0.991,4.726,3.012,44.651,3.012,0.871794872
412,V,497,T,0.213,A,A,10.792,0.991,4.715,3.119,46.112,3.119,0.872204473
149,T,159,G,0.211,A,A,10.7,0.991,4.708,3.375,46.463,3.375,0.872611465
142,K,490,D,0.206,A,A,10.448,0.99,4.636,5.441,49.595,5.441,0.86984127
168,K,189,V,0.209,A,A,10.611,0.99,4.634,3.293,46.869,3.293,0.870253165
452,R,466,A,0.2,A,A,10.157,0.99,4.623,3.587,13.452,3.587,0.870662461
225,K,232,E,0.207,A,A,10.505,0.99,4.599,2.79,25.453,2.79,0.871069182
232,E,310,E,0.207,A,A,10.527,0.99,4.596,2.348,19.554,2.348,0.871473354
146,Q,156,E,0.206,A,A,10.478,0.99,4.583,6.313,40.509,6.313,0.86875
412,V,418,A,0.199,A,A,10.116,0.989,4.524,3.409,43.089,3.409,0.869158879
153,N,391,E,0.202,A,A,10.285,0.989,4.509,6.874,35.909,6.874,0.866459627
99,I,442,V,0.199,A,A,10.114,0.989,4.498,3.654,27.475,3.654,0.866873065
98,A,449,A,0.199,A,A,10.132,0.988,4.42,3.812,27.613,3.812,0.867283951
157,T,185,D,0.203,A,A,10.288,0.988,4.408,2.824,42.25,2.824,0.867692308
249,I,273,V,0.207,A,A,10.49,0.988,4.403,3.401,22.392,3.401,0.86809816
134,L,418,A,0.203,A,A,10.308,0.988,4.394,3.574,42.037,3.574,0.868501529
144,I,407,V,0.197,A,A,10.003,0.988,4.377,3.549,45.476,3.549,0.868902439
289,L,300,V,0.204,A,A,10.346,0.987,4.354,3.334,35.263,3.334,0.869300912
409,E,498,K,0.199,A,A,10.104,0.987,4.344,3.041,45.479,3.041,0.86969697
348,Q,355,E,0.202,A,A,10.243,0.987,4.334,5.221,45.926,5.221,0.867069486
130,E,424,S,0.196,A,A,9.963,0.987,4.333,5.963,41.567,5.963,0.864457831
22,V,62,L,0.199,A,A,10.13,0.987,4.331,3.66,22.608,3.66,0.864864865
41,D,522,T,0.191,A,A,9.73,0.986,4.288,23.148,2.588,2.588,0.865269461
455,V,469,V,0.19,A,A,9.644,0.986,4.249,6.707,18.227,6.707,0.862686567
77,V,513,L,0.195,A,A,9.931,0.986,4.247,5.302,26.321,5.302,0.860119048
441,K,448,E,0.191,A,A,9.694,0.986,4.239,6.895,28.614,6.895,0.857566766
50,T,75,K,0.191,A,A,9.7,0.985,4.208,10.008,15.269,10.008,0.855029586
253,D,277,K,0.198,A,A,10.079,0.985,4.196,2.544,28.287,2.544,0.855457227
6,V,66,F,0.193,A,A,9.797,0.984,4.149,4.418,11.953,4.418,0.855882353
278,A,289,L,0.195,A,A,9.917,0.984,4.149,3.144,35.825,3.144,0.856304985
460,E,485,Y,0.191,A,A,9.731,0.984,4.144,3.13,13.555,3.13,0.856725146
29,V,519,C,0.184,A,A,9.389,0.984,4.126,27.118,4.834,4.834,0.857142857
420,I,469,V,0.191,A,A,9.696,0.984,4.125,3.357,22.24,3.357,0.85755814
324,V,331,T,0.195,A,A,9.926,0.984,4.113,2.667,34.32,2.667,0.857971014
29,V,38,V,0.186,A,A,9.482,0.984,4.099,3.564,29.314,3.564,0.858381503
429,L,437,N,0.185,A,A,9.428,0.984,4.098,4.161,24.492,4.161,0.858789625
37,N,153,N,0.196,A,A,9.968,0.983,4.067,5.082,32.92,5.082,0.856321839
197,R,281,F,0.197,A,A,10.037,0.983,4.059,4.338,29.136,4.338,0.856733524
180,G,389,M,0.19,A,A,9.663,0.983,4.047,3.196,36.356,3.196,0.857142857
194,Q,331,T,0.191,A,A,9.698,0.983,4.045,2.788,37.636,2.788,0.857549858
10,N,105,K,0.194,A,A,9.877,0.983,4.03,6.83,11.695,6.83,0.855113636
224,D,307,M,0.192,A,A,9.766,0.983,4.028,4.563,27.988,4.563,0.855524079
16,M,514,M,0.181,A,A,9.197,0.982,4.023,3.434,27.582,3.434,0.855932203
220,I,323,V,0.188,A,A,9.581,0.982,4.006,3.84,30.283,3.84,0.856338028
17,L,97,Q,0.188,A,A,9.569,0.981,3.968,5.016,25.087,5.016,0.853932584
433,N,440,I,0.182,A,A,9.247,0.98,3.915,6.538,25.139,6.538,0.851540616
224,D,302,S,0.187,A,A,9.494,0.98,3.892,2.628,33.251,2.628,0.851955307
477,G,488,M,0.179,A,A,9.139,0.98,3.873,3.199,30.754,3.199,0.852367688
340,A,347,A,0.183,A,A,9.342,0.98,3.867,7.31,42.815,7.31,0.85
126,A,426,L,0.185,A,A,9.393,0.98,3.867,3.191,40.919,3.191,0.850415512
350,R,373,A,0.186,A,A,9.455,0.98,3.867,4.37,43.406,4.37,0.850828729
221,L,317,L,0.184,A,A,9.377,0.979,3.851,3.235,26.41,3.235,0.851239669
418,A,497,T,0.186,A,A,9.446,0.979,3.85,7.095,47.699,7.095,0.848901099
224,D,305,I,0.186,A,A,9.486,0.979,3.849,5.551,33.227,5.551,0.846575342
411,V,489,I,0.188,A,A,9.548,0.979,3.846,4.378,48.292,4.378,0.846994536
57,A,75,K,0.181,A,A,9.227,0.979,3.839,2.764,24.052,2.764,0.847411444
112,N,435,D,0.18,A,A,9.172,0.979,3.82,2.399,22.276,2.399,0.847826087
476,Y,485,Y,0.18,A,A,9.156,0.979,3.82,3.116,17.046,3.116,0.848238482
428,D,437,N,0.176,A,A,8.982,0.978,3.811,5.948,23.676,5.948,0.845945946
227,I,309,L,0.183,A,A,9.336,0.978,3.807,3.422,21.465,3.422,0.846361186
215,L,246,P,0.184,A,A,9.373,0.977,3.765,3.318,27.197,3.318,0.846774194
35,G,50,T,0.175,A,A,8.941,0.977,3.761,7.431,35.778,7.431,0.844504021
262,L,273,V,0.187,A,A,9.52,0.977,3.748,3.546,14.637,3.546,0.844919786
134,L,412,V,0.183,A,A,9.342,0.977,3.734,3.839,46.351,3.839,0.845333333
451,L,465,V,0.176,A,A,8.98,0.976,3.723,3.706,15.968,3.706,0.845744681
421,R,473,D,0.18,A,A,9.166,0.976,3.704,2.712,27.128,2.712,0.846153846
111,M,434,E,0.177,A,A,9.036,0.975,3.664,4.347,13.487,4.347,0.846560847
24,A,93,T,0.176,A,A,8.975,0.975,3.663,3.85,31.078,3.85,0.846965699
29,V,51,K,0.171,A,A,8.73,0.974,3.631,4.944,31.607,4.944,0.847368421
224,D,300,V,0.179,A,A,9.107,0.974,3.626,3.274,29.658,3.274,0.847769029
284,R,361,D,0.183,A,A,9.312,0.974,3.624,6.337,45.811,6.337,0.845549738
182,G,263,V,0.187,A,A,9.528,0.974,3.613,32.535,26.856,26.856,0.843342037
216,E,321,K,0.179,A,A,9.108,0.974,3.61,2.94,32.07,2.94,0.84375
3,A,524,L,0.186,A,A,9.48,0.973,3.579,2.612,12.386,2.612,0.844155844
290,Q,352,Q,0.181,A,A,9.221,0.973,3.57,6.796,42.607,6.796,0.841968912
300,V,312,A,0.177,A,A,9.033,0.972,3.53,3.242,30.436,3.242,0.842377261
416,G,454,I,0.172,A,A,8.756,0.971,3.527,4.34,28.165,4.34,0.842783505
299,T,341,A,0.178,A,A,9.073,0.971,3.526,7.498,36.616,7.498,0.840616967
50,T,153,N,0.179,A,A,9.126,0.971,3.52,6.784,34.842,6.784,0.838461538
127,A,425,K,0.173,A,A,8.822,0.971,3.505,7.462,45.195,7.462,0.836317136
147,V,406,A,0.172,A,A,8.758,0.971,3.496,3.59,43.654,3.59,0.836734694
419,L,447,M,0.171,A,A,8.721,0.97,3.492,3.426,35.224,3.426,0.837150127
136,V,475,N,0.174,A,A,8.886,0.97,3.467,4.279,44.099,4.279,0.837563452
246,P,325,I,0.175,A,A,8.902,0.969,3.443,8.844,24.407,8.844,0.835443038
240,V,246,P,0.174,A,A,8.859,0.969,3.439,3.53,24.922,3.53,0.835858586
476,Y,487,N,0.169,A,A,8.626,0.968,3.42,4.397,26.178,4.397,0.83627204
482,T,493,I,0.167,A,A,8.502,0.968,3.418,6.023,35.185,6.023,0.834170854
31,L,94,V,0.169,A,A,8.635,0.968,3.415,4.086,29.937,4.086,0.834586466
123,A,429,L,0.172,A,A,8.771,0.966,3.353,3.604,34.822,3.604,0.835
458,C,480,A,0.162,A,A,8.262,0.966,3.334,3.32,27.058,3.32,0.835411471
413,A,475,N,0.171,A,A,8.714,0.966,3.332,3.295,37.557,3.295,0.835820896
298,G,319,Q,0.176,A,A,8.955,0.965,3.319,4.751,26.854,4.751,0.836228288
123,A,439,G,0.167,A,A,8.523,0.965,3.315,4.797,31.873,4.797,0.836633663
353,I,365,L,0.169,A,A,8.638,0.964,3.286,3.481,51.145,3.481,0.837037037
424,S,473,D,0.166,A,A,8.486,0.964,3.286,4.431,29.8,4.431,0.837438424
161,L,379,I,0.168,A,A,8.564,0.963,3.268,3.458,42.695,3.458,0.837837838
223,A,232,E,0.169,A,A,8.633,0.963,3.267,6.656,25.238,6.656,0.835784314
15,K,66,F,0.164,A,A,8.353,0.963,3.263,3.298,19.18,3.298,0.836185819
474,G,488,M,0.164,A,A,8.393,0.963,3.256,6.679,33.659,6.679,0.834146341
94,V,454,I,0.163,A,A,8.33,0.963,3.253,6.98,26.575,6.98,0.832116788
145,A,163,A,0.167,A,A,8.514,0.962,3.24,3.206,51.756,3.206,0.832524272
217,S,336,V,0.17,A,A,8.653,0.962,3.233,7.285,32.82,7.285,0.830508475
137,P,171,K,0.166,A,A,8.472,0.962,3.223,8.991,50.175,8.991,0.828502415
153,N,394,A,0.164,A,A,8.358,0.962,3.222,8.939,40.338,8.939,0.826506024
20,V,97,Q,0.164,A,A,8.385,0.961,3.198,3.907,27.732,3.907,0.826923077
428,D,444,L,0.159,A,A,8.144,0.961,3.194,5.453,31.157,5.453,0.824940048
51,K,82,N,0.161,A,A,8.2,0.961,3.191,8.704,24.126,8.704,0.822966507
74,V,100,I,0.161,A,A,8.227,0.96,3.172,3.608,32.086,3.608,0.823389021
58,R,79,S,0.161,A,A,8.235,0.959,3.158,5.51,22.603,5.51,0.821428571
77,V,92,A,0.158,A,A,8.069,0.959,3.152,3.603,32.407,3.603,0.821852732
216,E,246,P,0.164,A,A,8.365,0.956,3.085,2.745,27.126,2.745,0.822274882
218,P,248,L,0.164,A,A,8.36,0.956,3.08,4.215,25.864,4.215,0.822695035
157,T,184,Q,0.161,A,A,8.222,0.956,3.072,6.738,38.49,6.738,0.820754717
387,V,394,A,0.159,A,A,8.114,0.955,3.058,7.695,26.326,7.695,0.818823529
213,V,325,I,0.16,A,A,8.184,0.955,3.049,2.622,30.158,2.622,0.819248826
140,D,167,D,0.159,A,A,8.122,0.954,3.039,5.507,53.325,5.507,0.817330211
162,I,379,I,0.157,A,A,8.032,0.953,3.019,3.714,42.083,3.714,0.817757009
137,P,143,A,0.155,A,A,7.909,0.953,3.017,4.771,47.747,4.771,0.818181818
29,V,56,V,0.154,A,A,7.892,0.953,3,6.358,30.714,6.358,0.81627907
144,I,175,I,0.159,A,A,8.149,0.952,2.989,7.795,49.303,7.795,0.814385151
206,N,266,T,0.165,A,A,8.433,0.952,2.984,7.765,20.268,7.765,0.8125
127,A,427,A,0.158,A,A,8.098,0.951,2.976,8.422,39.709,8.422,0.810623557
124,V,505,Q,0.16,A,A,8.153,0.95,2.947,3.957,43.643,3.957,0.811059908
422,V,447,M,0.154,A,A,7.881,0.95,2.944,3.895,37.18,3.895,0.811494253
353,I,359,D,0.156,A,A,7.954,0.95,2.935,6.821,48.132,6.821,0.809633028
6,V,22,V,0.153,A,A,7.829,0.948,2.901,19.462,4.826,4.826,0.81006865
37,N,49,I,0.149,A,A,7.62,0.948,2.899,3.172,29.084,3.172,0.810502283
413,A,474,G,0.16,A,A,8.19,0.947,2.892,5.361,37.472,5.361,0.808656036
117,K,512,G,0.158,A,A,8.059,0.947,2.891,3.67,36.202,3.67,0.809090909
284,R,363,E,0.162,A,A,8.256,0.947,2.89,5.421,43.974,5.421,0.807256236
10,N,108,A,0.159,A,A,8.136,0.947,2.875,3.719,11.224,3.719,0.807692308
452,R,461,E,0.148,A,A,7.574,0.946,2.865,5.68,2.899,2.899,0.808126411
133,A,425,K,0.152,A,A,7.776,0.946,2.858,4.827,47.612,4.827,0.808558559
413,A,497,T,0.155,A,A,7.947,0.945,2.848,6.362,45.62,6.362,0.806741573
434,E,440,I,0.15,A,A,7.671,0.945,2.845,6.404,21.018,6.404,0.804932735
293,A,300,V,0.159,A,A,8.109,0.944,2.83,3.21,31.577,3.21,0.805369128
418,A,503,A,0.154,A,A,7.872,0.944,2.829,9.843,41.873,9.843,0.803571429
418,A,500,T,0.154,A,A,7.901,0.944,2.819,3.904,43.118,3.904,0.804008909
356,A,365,L,0.155,A,A,7.912,0.943,2.809,3.603,49.106,3.603,0.804444444
200,L,253,D,0.159,A,A,8.134,0.943,2.809,3.092,24.137,3.092,0.804878049
39,V,72,Q,0.149,A,A,7.603,0.943,2.805,13.548,8.513,8.513,0.803097345
478,Y,485,Y,0.145,A,A,7.412,0.943,2.804,3.259,18.136,3.259,0.803532009
390,K,397,E,0.15,A,A,7.696,0.943,2.8,6.124,30.534,6.124,0.801762115
40,L,60,I,0.147,A,A,7.518,0.942,2.787,5.149,16.155,5.149,0.8
122,K,431,G,0.154,A,A,7.887,0.941,2.776,3.77,33.008,3.77,0.800438596
417,V,476,Y,0.154,A,A,7.853,0.941,2.768,2.922,25.069,2.922,0.800875274
23,L,93,T,0.149,A,A,7.647,0.94,2.754,3.961,31.889,3.961,0.801310044
221,L,309,L,0.153,A,A,7.802,0.94,2.748,3.312,23.974,3.312,0.801742919
227,I,249,I,0.153,A,A,7.842,0.939,2.727,3.63,20.635,3.63,0.802173913
227,I,233,M,0.154,A,A,7.855,0.938,2.722,2.919,20.193,2.919,0.802603037
55,S,394,A,0.156,A,A,7.951,0.938,2.717,5.531,34.056,5.531,0.800865801
204,F,262,L,0.156,A,A,7.978,0.938,2.714,3.975,20.68,3.975,0.801295896
241,A,270,I,0.152,A,A,7.8,0.938,2.713,4.294,20.436,4.294,0.801724138
244,G,272,K,0.154,A,A,7.901,0.937,2.703,3.987,21.63,3.987,0.802150538
482,T,491,M,0.142,A,A,7.285,0.937,2.701,3.237,33.488,3.237,0.802575107
6,V,26,A,0.146,A,A,7.464,0.936,2.687,25.966,4.574,4.574,0.802997859
132,K,409,E,0.152,A,A,7.788,0.936,2.683,4.379,44.554,4.379,0.803418803
266,T,273,V,0.152,A,A,7.798,0.936,2.679,2.909,17.926,2.909,0.803837953
58,R,83,D,0.145,A,A,7.407,0.936,2.677,5.634,25.035,5.634,0.80212766
122,K,429,L,0.148,A,A,7.557,0.936,2.677,3.861,32.826,3.861,0.802547771
34,K,458,C,0.144,A,A,7.357,0.936,2.675,2.793,26.418,2.793,0.802966102
5,D,15,K,0.142,A,A,7.267,0.934,2.657,7.225,12.826,7.225,0.801268499
123,A,426,L,0.146,A,A,7.496,0.933,2.627,3.373,37.581,3.373,0.801687764
82,N,398,D,0.15,A,A,7.696,0.932,2.622,4.032,32.913,4.032,0.802105263
169,V,377,A,0.144,A,A,7.398,0.932,2.611,3.064,45.448,3.064,0.802521008
99,I,446,A,0.144,A,A,7.382,0.931,2.603,3.146,33.033,3.146,0.80293501
115,D,435,D,0.15,A,A,7.687,0.931,2.601,3.208,25.238,3.208,0.80334728
174,V,370,A,0.145,A,A,7.431,0.93,2.593,3.441,41.494,3.441,0.803757829
347,A,354,E,0.149,A,A,7.646,0.929,2.575,6.74,48.02,6.74,0.802083333
451,L,485,Y,0.141,A,A,7.253,0.928,2.558,7.266,17.732,7.266,0.8004158
99,I,511,A,0.146,A,A,7.46,0.927,2.543,3.23,32.88,3.23,0.800829876
294,T,349,I,0.152,A,A,7.756,0.927,2.54,5.915,39.954,5.915,0.799171843
165,A,185,D,0.149,A,A,7.619,0.926,2.531,9.245,38.281,9.245,0.797520661
7,K,22,V,0.139,A,A,7.115,0.926,2.527,14.887,7.584,7.584,0.795876289
134,L,421,R,0.144,A,A,7.4,0.926,2.524,3.76,36.592,3.76,0.796296296
73,M,387,V,0.147,A,A,7.544,0.926,2.524,23.37,10.415,10.415,0.794661191
240,V,317,L,0.15,A,A,7.698,0.926,2.522,3.047,23.512,3.047,0.795081967
94,V,449,A,0.144,A,A,7.392,0.926,2.522,3.532,28.449,3.532,0.795501022
418,A,447,M,0.143,A,A,7.306,0.925,2.519,6.406,35.719,6.406,0.793877551
426,L,447,M,0.139,A,A,7.149,0.925,2.517,3.539,38.376,3.539,0.794297352
165,A,377,A,0.143,A,A,7.309,0.925,2.512,3.403,46.695,3.403,0.794715447
460,E,480,A,0.145,A,A,7.421,0.925,2.51,5.186,20.843,5.186,0.793103448
305,I,312,A,0.146,A,A,7.457,0.925,2.509,9.296,24.357,9.296,0.791497976
434,E,441,K,0.139,A,A,7.115,0.924,2.498,5.829,17.371,5.829,0.78989899
122,K,432,Q,0.187,A,A,9.521,0.924,2.492,4.089,32.017,4.089,0.790322581
231,R,310,E,0.147,A,A,7.52,0.923,2.49,2.583,15.945,2.583,0.790744467
106,A,442,V,0.144,A,A,7.36,0.923,2.485,4.807,18.414,4.807,0.791164659
218,P,246,P,0.146,A,A,7.491,0.923,2.482,2.935,29.782,2.935,0.791583166
56,V,153,N,0.147,A,A,7.534,0.92,2.449,8.032,35.693,8.032,0.79
246,P,274,A,0.147,A,A,7.521,0.92,2.446,6.242,21.797,6.242,0.788423154
298,G,316,D,0.15,A,A,7.66,0.92,2.441,2.92,33.071,2.92,0.788844622
208,P,267,M,0.152,A,A,7.753,0.919,2.433,11.189,18.738,11.189,0.787276342
158,V,396,V,0.141,A,A,7.23,0.919,2.43,3.347,40.36,3.347,0.787698413
254,V,262,L,0.146,A,A,7.46,0.919,2.424,3.644,18.952,3.644,0.788118812
180,G,210,T,0.145,A,A,7.418,0.918,2.419,13.717,18.645,13.717,0.786561265
240,V,247,L,0.146,A,A,7.491,0.918,2.415,3.184,22.749,3.184,0.786982249
140,D,146,Q,0.139,A,A,7.14,0.917,2.403,5.873,50.506,5.873,0.785433071
455,V,478,Y,0.134,A,A,6.89,0.916,2.392,3.779,19.405,3.779,0.785854617
455,V,466,A,0.135,A,A,6.918,0.914,2.369,5.335,15.328,5.335,0.784313725
156,E,481,A,0.144,A,A,7.381,0.914,2.362,9.323,44.395,9.323,0.782778865
54,V,150,I,0.143,A,A,7.319,0.913,2.356,9.382,38.552,9.382,0.78125
290,Q,304,E,0.144,A,A,7.378,0.913,2.352,3.763,27.922,3.763,0.781676413
506,Y,515,I,0.13,A,A,6.695,0.912,2.343,10.412,31.069,10.412,0.780155642
221,L,249,I,0.142,A,A,7.302,0.912,2.334,3.338,28.965,3.338,0.780582524
231,R,360,Y,0.146,A,A,7.461,0.912,2.334,28.509,41.071,28.509,0.779069767
56,V,82,N,0.136,A,A,7.004,0.912,2.333,8.809,28.42,8.809,0.777562863
65,K,522,T,0.135,A,A,6.938,0.911,2.328,2.681,12.698,2.681,0.777992278
356,A,369,V,0.139,A,A,7.132,0.911,2.328,10.529,42.841,10.529,0.776493256
48,T,397,E,0.144,A,A,7.374,0.911,2.325,12.623,29.04,12.623,0.775
474,G,487,N,0.136,A,A,6.995,0.909,2.307,5.866,32.27,5.866,0.773512476
484,E,490,D,0.13,A,A,6.665,0.909,2.306,9.917,32.574,9.917,0.772030651
181,T,380,K,0.137,A,A,7.032,0.909,2.302,3.303,34.717,3.303,0.772466539
172,E,346,V,0.139,A,A,7.14,0.907,2.282,5.717,45.874,5.717,0.770992366
39,V,56,V,0.132,A,A,6.779,0.907,2.282,6.078,20.288,6.078,0.76952381
215,L,272,K,0.144,A,A,7.361,0.906,2.271,3.557,23.53,3.557,0.769961977
301,I,313,T,0.142,A,A,7.256,0.905,2.255,5.195,24.172,5.195,0.768500949
484,E,493,I,0.133,A,A,6.808,0.905,2.25,6.818,31.903,6.818,0.767045455